Unnamed: 0,age,sex,Exp_PC1,Exp_PC2,Exp_PC3,Exp_PC4,Exp_PC5,Meth_PC1,Meth_PC2,Meth_PC3,Meth_PC4,Meth_PC5
s001,60.148110969666654,1,1.3422624549409643,1.6807543966679412,-1.9724374060824328,-2.428667708622079,-1.8390365957107475,-0.1722196344788372,0.0437467645375156,0.0128943616230308,0.5051167331421137,0.7725056477377981
s002,34.55873050948468,0,2.2745891751039284,-0.9370268764602644,2.085718102303841,2.6732577165673583,-0.8966859659097132,0.0939932646026344,-0.0670490609535981,0.4530116461355825,-0.7008844408835172,-0.3665998777060344
s003,28.82902017178637,0,-1.008451420863224,3.3385975493627345,1.5087859789175235,-1.038546146210399,0.4608232872394777,-0.6073210657892147,0.4295930723322333,-0.4078341429150346,0.0848366627849634,-0.1063477921759292
s004,59.27806044564846,0,0.5992218823777933,2.843601524551275,0.7939592197023547,1.0902930740168983,-0.876814492738048,0.6285545603144572,-0.3102234963608348,-0.0302805455914353,0.251002305676279,-0.5418591904259188
s005,42.31578515226653,1,-0.2423921616219901,0.0569783812932476,-1.8119016008717637,1.2026085088115332,-3.780851071849373,0.8945568571029485,0.1536399644168653,0.1834086960256656,-0.3264648034910696,0.3776596604731857
s006,48.752910081822165,0,-1.010489113991069,0.043018159917476,-1.13604475039259,-2.437677160724245,-1.6133052669498722,-0.4006186066919268,0.0033911875170345,-0.2463941938924597,-0.7712261589789429,0.3083432885128155
s007,45.01697973721067,1,-3.6947145653761786,0.8844268387421148,1.1760409159204537,1.1367021571694091,1.5055978829670429,-0.5067308798128413,-0.0934036914517972,-0.3181613629530159,0.0854279335345358,-0.0982182848558936
s008,45.46207228129738,1,-1.9131396912947916,-2.639751712203141,-0.679428426608641,2.0861569328255256,0.59158602604703,0.2711873016726404,-0.7710138740077273,-0.1433020712380334,0.047482231714017,0.0792141734740218
s009,55.51633418256116,0,-1.916392166884988,2.60994709075329,-0.9695436828526316,-2.539214781029269,-0.4314104939502422,-0.1063751878242541,0.0566988833248953,-0.4256597833339453,0.222998869782406,0.2428538395483694
s010,23.11201992001376,0,-2.348122947098973,1.786022661880607,-2.130276751398782,-0.3866056602009885,-1.943038228552709,-0.3423996416258607,-0.2644725235777804,0.254119500612851,0.4452278419213277,-0.0366438421737115
s011,29.992181699977813,0,-2.966409081555898,0.8979305752271349,-2.8154698070601145,1.960421060777893,-0.7446086542595748,-0.2159160202314581,0.1763723741495486,1.0707691438514446,0.168286922967072,0.1785619360184777
s012,47.5814035408868,1,4.114381751347709,2.079934940493652,-0.5086949230904079,0.730212754657581,-0.5969145889271696,-0.311001964516248,-0.3771844098954915,0.4449416785202477,0.1640437015119681,0.1914417295637233
s013,28.67988900986236,1,0.2907661532882825,2.398356556924649,1.1927926441943486,2.3784596867398284,-0.2721477293181703,-0.10666499974346,7.728772990971162e-05,0.6538984529574955,-0.5694501907828048,0.7217923645783065
s014,53.81398503746599,1,2.6356722712154608,-1.2891077908066175,-1.727755089417178,0.708533673000881,1.668066747361899,0.3359112184657271,0.0547658425639796,-0.2686246977114943,-0.3832346482458935,0.2972660153106299
s015,61.50250075681458,1,-2.1639483224884213,-0.2515292839680687,2.380601778563932,-2.5106754369151627,1.1557330552273308,0.4881759290215368,-0.1254781654520777,0.0245303482388917,-0.4746429230078615,0.0393101973520639
s016,50.895702538966304,1,-0.7418201901378281,1.061100052622775,-0.8834186143322257,0.1381650502165542,0.8646562381243098,0.8067577381970691,-0.2141377991581202,0.7118958570529135,0.3050017379411706,-0.1361107349752155
s017,40.70207232926276,0,0.1489895624932528,-2.0497638962655005,-3.1526169016864705,-0.2109036539792775,-0.1306446100649368,-0.3903326341108348,0.1009651833135214,0.46770086018884,-0.0022382588429751,0.661759965521735
s018,58.29838410702344,1,1.9132130702036592,-2.1090485283606464,-1.93122724993669,0.3711582698540472,1.1118574715329987,0.6850189863273338,0.0136351667131415,-0.2942022084243804,0.2559499364245871,-0.2358378110135463
s019,55.6863952036793,1,0.2428562976637199,0.9198131208149752,-2.3246201918171936,-2.6242193388214146,-2.2631094544809893,-0.2979482679598567,0.5196476914514689,0.0172900507850109,0.0184622420216024,0.1075221557601641
s020,57.1202754850742,1,-2.7054053064182217,-0.8019056912110241,2.095696550186999,-0.0440354963233493,1.0074161749965185,-0.0754751488101383,0.0057876488688523,0.3927182152735604,-0.0091736226217931,0.3112808656632542
s021,56.691879529007,0,-1.0504134921845438,-0.7399801365848495,2.3289330087643694,1.1126932343005207,-0.2947764746743551,-0.6955644913118247,0.4325692361175199,0.42218198125055,0.0165377786647033,0.4485181862788824
s022,47.96010617100251,0,0.6117317683947185,-0.6955933304161057,-2.199402962593526,1.946886460226356,0.3138653380855653,-0.2170846304665164,-0.1997159009145675,-0.1583759236924463,-0.5339423485107502,-0.3413849973859525
s023,40.23458089646218,1,1.734785121088264,-0.8252369688900264,2.1210491031103684,-1.714281623501389,-1.4144409612651667,-0.5347022807721934,-0.2850254857666473,0.1808862877022377,-0.4938394227633088,0.1332351704424474
s024,30.368244598788287,0,-3.312205642837093,1.788838489273061,0.0543239092242001,-2.6629013807318627,-0.1105280771240546,0.1127832997383727,-0.4750183405780003,-0.0890735196477979,0.4518450511381637,-0.1344660933849673
s025,29.573683496840992,1,1.0728033225504934,-1.4755750029261956,1.8387578697659173,-0.907673817854362,-1.4420621402915106,-0.2461831546892693,0.0628746304399597,-0.6742641524539641,-0.0655994534130326,0.2762670106419065
s026,36.22557784906535,0,1.7394726039809318,-3.5016520008369523,-0.6164392082188955,-1.6326762601812346,-0.6334924654724985,0.1092494345040553,0.2467047603718189,-0.2440836055174847,0.054506305101898,-0.2382812055758795
s027,48.8578103046388,0,-1.3717942179889242,2.9511388125034883,0.1579012856811354,2.1741397075927056,-2.2416136438801657,-0.9298030814162228,-0.104046508703949,-0.2294928004663523,0.1108492545986352,-0.4944145021804107
s028,37.26156132055736,0,0.6253782525980688,-2.820098556240287,1.5225644859385488,-0.5380918678195723,-0.8641518684599787,0.1981438296863361,0.7410220437051275,-0.3386233891050357,0.2496878747914472,-0.2687435247218595
s029,27.059500045713285,0,-1.9030788826706828,-1.0072009962925177,1.133960685061961,-0.973456572996478,-0.8957285898398901,0.2275560397793162,0.3540141716019525,-0.3536994058661019,-0.3633903601968711,-0.208716511970447
s030,21.33084576081586,0,-0.1282014070532741,2.3900931681724886,-0.2379823365457571,-2.714510117094202,-1.6938997627898076,-0.0311939439545511,-0.585203311152,0.0022392455642366,0.1793401713737191,0.5693799534565818
s031,49.8753498424432,0,-2.13893709704807,-0.5763595883012068,-0.2312729498883959,-2.0607241298638828,-0.0157650203971134,0.425919404090768,0.0197453203627782,0.0483345851275581,0.1915886437701199,-0.3880376236275983
s032,18.877806557470524,1,-2.405752675940659,0.1371068497305149,2.6405618457575737,1.1294659626297916,1.1096374598051857,0.3806266511290724,-0.1448269279476287,-0.5192781722160931,-0.0172689622681475,-0.1652715926979832
s033,44.24067996022586,1,1.1203867604940936,-0.0103811376392077,-1.136617561912837,-0.6558020748489511,2.189805442970159,0.0065507823425654,0.8636218712175189,0.0503465437896195,-0.0613944125792788,-0.290140549919088
s034,56.911059272627305,1,-3.170111072866761,-0.4391522957897066,-0.0710954437706092,-0.4854301826811902,-0.6328125925750416,-0.0324837292113423,-0.1756677937327372,0.0090447739932316,-0.0121249860588354,-0.7581098066554596
s035,45.75921662495165,1,-1.3703479743818214,0.0946493482721178,0.0422198296944497,-0.7179736605736526,3.6093650773204593,0.0128087882837074,-0.4715644614029275,-0.5584710644325533,-0.231007580080392,-0.0692845835154678
s036,49.00451673166545,0,2.8880617732519007,0.8210344591478442,0.944302601941988,2.122123506970142,2.092393118122056,0.4202190683161797,0.2150497000529455,-0.0120267385967482,-0.7051230353974717,0.3519950690552824
s037,37.18277638476043,0,-1.5498925760411983,1.7543833465609764,-0.7749367097689395,3.415737651665235,0.7377424771207622,0.7375466014340183,0.1422976890008754,-0.0215435633687194,-0.0231806807718289,0.3891206820245488
s038,22.726805673586604,1,-1.146799054822773,-1.5251155460569965,-0.8519546984362252,0.7846815909422642,1.675038611180096,-0.7235504979436695,0.1680077967377661,0.5621660080086658,0.28306747388946,-0.4816332422779684
s039,31.450215513610967,1,0.6809215124876189,3.068576708582801,-1.893840357588439,-0.1150636551614951,-2.8574955207368475,-0.5721581712498273,0.053318563367866,0.0572549138178069,0.0890065512114957,-0.5204956077230269
s040,63.29839579591685,0,-3.15592299794114,1.32594165485351,0.3597497279759205,2.0026454716738664,1.1671083568165472,-0.4831501490990018,0.2488575447920293,0.3672946493533625,-0.3516899050805718,-0.1922204400438649
s041,43.13360589981501,0,-3.2151091153787985,-2.2071208929810626,2.1390494007243035,0.6442499167645,1.780212456094463,0.7072234512627442,-0.2497856571752759,-0.1490697091652956,0.1075776234189636,-0.263255655515315
s042,20.885904049222656,1,1.3375716135714266,-1.4743385645989882,-0.8212179451589745,-0.7944333740119125,-0.7217913597276682,0.4909013000581398,0.4479845151554786,-0.2300927686805425,0.7727656433875789,0.069032250323658
s043,19.08645776755674,0,1.1693478000493736,-3.867203456823452,0.2772390097328303,-1.014815765472491,-0.6442699904344509,0.0321320653425065,0.2536443042258496,-0.3384113627873798,-0.2593725824797372,-0.3838939811187462
s044,57.80841468264437,1,0.6083457004087224,-1.7246902525805106,0.7877363049987868,3.114449866688099,-0.2882729731183373,0.1379774952056054,-0.3144327385062997,0.4666877094775372,-0.1237585698699711,-0.3937608038052709
s045,25.042959294961804,1,0.5863235641773675,3.724174962571996,1.0633498678743112,2.1727827973524407,0.3700295479377069,0.6294337823048255,0.2140349373575715,-0.1385410597194768,-0.2382804871458404,-0.0795029731445438
s046,57.8227240223205,0,-1.8993199532705471,-0.2796497976825975,-2.603693665503102,0.5261025368584541,-2.2533057325621004,0.0876603443809519,-0.3557126246760425,0.4917107821916997,0.0602128336651255,0.3189348657583726
s047,58.99833124940934,0,0.3763959612191137,-0.7757592818509143,0.9767427158535862,-0.3866103476092528,-2.9069265590150395,0.1971442384475414,0.5341366434838963,-0.2740938905318025,-0.1397619460021565,-0.1327486658049403
s048,52.92208140476328,0,-2.843853020851681,-1.7247883130462962,0.3356334483166255,2.164657513298854,0.4481854125830984,0.6143835362938674,-0.1225345285853205,-0.0269153663781182,0.1310131732044932,0.4199906200332218
s049,20.12104014434141,0,-0.3558157744258346,0.4083359475471158,-0.0534879837476929,0.343674916779993,-0.577358849317129,-0.1358637105322605,-0.8642665935338795,-0.1533304415224476,0.036845124226896,0.2288203878357526
s050,19.53905901190136,1,1.75092348333148,-2.9990001025786523,0.4806632983455427,-1.6995575187226837,-0.9409047140567808,-0.6493351173080405,0.4519349301015117,0.2110342736150184,0.5249673877403591,0.4905824644235226
s051,30.22159016689124,1,1.5716188200934458,-2.332445462800859,-2.960223665581517,-0.3263608081254646,0.5497939326963333,0.621183916945416,0.2971601188679765,0.55820688766391,0.0111473655919224,-0.6981354175217552
s052,49.046004898914966,0,3.1374927554870244,-0.1232512424881316,2.1779666660900783,-1.6564212616124618,-0.131965565199475,0.1873836274141108,-0.1316699274619083,0.0954782993044432,0.2297468564981913,-0.2526181615348866
s053,35.78641355285521,1,-2.697522896869209,2.78458514146592,0.5153849069040936,1.5138986399030665,-0.6490071897758023,0.0938884101220202,0.0812816635054243,-0.5498724271985606,-0.3870969717178339,-0.0236475032347135
s054,23.29703300126968,1,-2.0823131326136006,0.018396590773834,1.8578506313659864,-1.4398881907674776,1.7525933338911208,0.0584180768831751,-0.3521104474929324,0.5161299406593446,-0.1497688116868349,-0.2654716620046362
s055,46.21990541448981,1,1.6675796959481326,-0.091668805412798,0.2565362239863036,1.6689751235810464,-0.5232125494421629,0.0671552460955144,0.1531845637499794,-0.2492560499426562,0.6405284976236099,-0.335114289869448
s056,41.21538116967144,0,2.998631566584817,0.49855562148451,-2.2391220902340585,0.590814174714224,1.3851747921168702,-0.2903454123331974,-0.8036980394123544,0.4467909316669828,-0.3239926510119002,-0.2596605197216131
s057,52.28893322841877,1,-1.8559715077364665,0.6559336478770013,0.7472193852189942,-0.8438426402750184,-1.3328705944193435,-0.1195086550179879,-0.6173487802653177,0.0298215442103175,0.5138678907451167,-0.1633110275585123
s058,46.35568357582645,1,-1.1487037449750832,-1.9507735371309929,2.3793013313688216,1.1042031380879016,-0.3780875436528053,0.1649717007427615,-0.0668233976018012,0.1785700139215359,-0.1036795821015116,-0.1316815848257721
s059,57.9869951624001,1,-0.7995179870797854,-0.7918811329909249,0.2120731201987472,-1.584031134051615,-3.2107478714535103,0.3408837105319028,0.4658324941173906,-0.3961346239259505,-0.249536224875488,0.1866268267863663
s060,59.133333933720415,0,3.4880137963590645,1.5068358540157392,2.2372572790800564,1.403256666089122,0.2373379990462114,0.0562714974848391,0.3701951300740147,-0.4924734582471514,0.2208391922980894,-0.3902749843482825
s061,23.966592263951387,0,-3.0104381003256897,-2.8747767950166025,0.7109875891036553,0.4800819785452906,0.1358451142966269,-0.427847777906965,0.8175754660986336,-0.1114580265789094,-0.2094816715657554,0.5582497876951171
s062,47.33783793831911,1,-1.6274991774944605,1.6333113778574304,1.2036013858648005,-2.68700300745633,2.2541565251142903,-0.1789180509678112,-0.2671263505839426,-0.1193981236575058,0.4601895358289128,0.2469011802779464
s063,47.602265952569496,0,-0.4162266545597772,-3.338604623947531,1.424553728984865,-0.122086957142648,-3.278904135508025,-0.0044538506425221,-0.3263295425432765,-0.3364203754904171,-0.2573146533879269,0.3760507639232723
s064,47.88558849808273,0,1.8886532354958487,2.55337044932268,1.6557867620037408,-0.1205378519595802,1.7757594418493718,-0.0047944312011524,0.1341172118275502,0.0784988461836504,0.4880023150266236,0.260045103647283
s065,57.88114147058928,0,1.2964270461376028,-1.65181513725858,-0.429558104922275,-1.1729742040487212,2.540103998761765,0.7507107561239887,0.060710742771045,-0.0453230393172136,0.4341826459823453,0.0962462694250749
s066,45.95672309959603,1,3.9176607960673535,0.1322550250538245,2.512390072311031,2.022945109414996,-0.8779224690729435,-0.7118877359552186,-0.3367027404004465,-0.1760471349409589,-0.1473954800683165,-0.4252929011519252
s067,23.099189306576456,1,2.036853994681988,-0.9808649589231604,2.25424297690814,-0.245893340228328,-2.354649633105404,0.0663547730545184,0.1999575206634839,-0.4724859702084097,0.2966117595455255,-0.1356643555819026
s068,28.491432548033025,0,-0.5266104707409437,2.4395016451177693,2.136564254079411,2.6719442896532675,-0.5753324725698304,0.3723874767837594,-0.1692922522404579,0.4977775130614614,0.0779571227940897,0.3088142391520171
s069,34.61969515448304,1,-1.1962464622318052,-1.3364700739207598,1.128029285779527,-1.9301212104443977,0.4915056241050244,-0.054103809114425,-0.396604511338051,-0.1505594224408639,-0.1609514226256353,-0.2589572502896019
s070,23.54723525016299,0,2.482234010683273,-0.2359346378535587,1.0859202275577844,1.118049182635477,-0.7741703351695985,-0.1685515070547264,-0.0966472882684635,-0.616771313969662,0.4476478920130579,0.2219611438949384
s071,35.82447517639322,0,-0.8844042175944088,1.516242644614022,-1.3700819111005134,0.4057133784190917,1.5212299547484949,0.3274165578307103,-0.1162940909158545,0.0144636312006191,-0.2498993276316566,-0.196235804498844
s072,27.930815205501112,0,-2.452116592541055,-2.154364135769101,-1.329612605067819,3.220471656097719,0.8820157870300456,-0.5177257903420341,0.637878877576948,0.0546271915067478,0.1641583638166625,-0.1583649102891085
s073,59.84105684149172,0,0.5894632030644079,-1.08910733925152,-2.0668608441045024,-0.9647262626160034,0.9547199957524836,-0.484782506274563,-0.0369293721282561,-0.4708598889202495,0.2370618569770864,-0.4170695684126245
s074,37.34087922570313,1,3.344902023509036,1.6101916895258264,-0.2993622455864347,0.1583861223637655,1.214668088537748,0.275770856940507,-0.3753390577898196,-0.003013987287262,0.3051204505123784,0.6709687666220298
s075,61.51059015193528,1,0.2406029018025398,-0.9017115213800516,0.511338156793555,2.1001900613805105,0.6813110103597231,-0.7668474440292284,-0.1368004938463363,-0.4833996371883922,-0.0355993822122371,0.0322734782110436
s076,24.426123546032837,1,-0.445992917933288,0.1100087302007815,1.024253974811639,-1.279317346411294,-1.3057871586516512,-0.2688141192667427,-0.6753086791018937,-0.3719737282829911,0.1419722847289337,0.2399023386581181
s077,30.222418913217943,1,0.0385251745852051,1.86576220634066,-2.072347738958056,-3.5378897568655137,0.382388434986101,-0.2706899472467527,-0.1642443124269227,0.068556823867016,-0.7232556316085007,-0.054010554575574
s078,27.397803898360827,1,0.5691039284163707,0.0256750306077658,-2.36463665655204,2.121865926128056,0.2710769009603687,0.0458767192204979,0.0213439854913475,0.1877654086708451,-0.1610459360655301,-0.4740802473746964
s079,54.09868868508517,1,0.5079411258701511,-1.5379514823573972,-1.3669534037896438,0.5075075070835188,-1.2492434165381887,0.3364526270189384,0.1961544964512473,0.1664940383886071,0.8087643901656425,0.683277118871533
s080,21.92073248980332,0,-0.1874631029706064,-0.4126998179079322,-2.5303471352974403,1.890230171550159,0.5766490930772443,0.325838542927608,-0.0761472863281593,0.6916578565964341,-0.7671693850174955,-0.2081460880471626
s081,56.06882348338924,1,-0.5898588516394063,0.9295329771061388,-0.9263864121527176,-0.7748686929411773,1.5566515044319826,-0.6285034878361936,-0.701616114934076,-0.4234568346129367,-0.1263033364814512,0.5032639414385924
s082,18.001219960497362,1,2.125882196147053,1.3588735562423473,0.9683393131393788,-0.2395943836019301,0.7134673549462373,0.1759863981663811,-0.2206284006035742,0.1273013831144389,0.0691346262724429,0.1564903595171289
s083,57.84183681268358,0,-0.5220107844122643,-1.63714442515863,-3.528332405497343,-1.5760787662434044,0.4900479734106703,0.3292035312954052,0.1596098154041324,0.1473609779649073,0.4620597432843552,-0.2313944860399336
s084,30.907441552085693,0,1.74159150907409,-0.439730086774708,-1.802921983521192,-0.7646499449185348,2.4360952493826384,-0.1644530328825848,-0.105397036737731,0.3077990535942616,0.7770564962056319,0.2803532364384095
s085,46.35894073199033,0,3.183790381072979,-0.9088710625624594,0.7006960798481473,0.6376945703773225,0.4719735352134923,-0.0744616047477584,0.4043945490836435,0.3159298551325212,0.1685320894601807,0.2452824049985515
s086,49.11016778833471,1,-0.5914641892573954,-0.2394942005087035,0.4599753871867649,0.7101150514306601,-1.6244408838513504,0.2626313490924812,0.1666834698111433,-0.4947104939483192,-0.6314718090473223,-0.0928759196661537
s087,23.018527750304116,1,0.2486152607528772,-0.0403053534805441,-3.2282966599201117,2.6079971459603746,-0.9519813164801474,0.322957628136419,0.5218295929713632,0.4864669839006169,0.1637700614497441,-0.4489334937706776
s088,60.49326899085087,0,1.262622995079658,-1.6720989652502298,2.877411109730451,-0.6810233138591839,-2.248797869991757,-0.5765191945008205,0.6273427283421145,0.0565232336684874,-0.6474869271155909,0.2605972335099668
s089,27.406753623806463,1,-0.4676883045318285,-2.575320938482099,1.601404462545196,0.4108401306906304,1.3709424861758197,0.0416823897614063,0.4213161450884956,-0.5450304679622274,0.0921703033735772,0.3334495765637817
s090,46.34791828381674,0,1.7067387478914775,2.955237789704898,-0.6237830937755724,-1.744524030459361,0.8043684050001495,-0.0039101451874714,-0.315227190508592,0.1703261391509776,0.4489340639892576,-0.3639495839998779
s091,53.560623692408576,0,-0.1217534004146168,0.6528630810254884,1.6393083414938092,-1.0903669244043592,2.430772588080079,-0.2528478233282799,-0.1937665401256654,0.6526822718151803,0.1182196905959128,-0.3070979248644819
s092,63.938075162630206,1,-1.587091881125161,-0.9210346573604424,-2.14072703444124,0.0568096203116116,1.5281013110655268,-0.2156033371098635,0.1409014378133026,0.6557497548568186,0.0581807998207605,0.0016883219824664
s093,40.46389783814742,1,-1.195154652870641,-0.9689428792228412,0.8909655785275703,-1.8608459346228925,2.3352774590017225,-0.9295726585251975,0.6064839153403927,0.0203392515508985,0.3358832948161553,-0.5990987851081918
s094,20.74475522842745,0,0.7274677038476195,-1.738231946388863,-1.848966441142096,-1.2389245109692877,0.8768065685310179,-0.0076447277129958,-0.7906547255964851,-0.2465389285877444,-0.1472403697034757,-0.0827020968256788
s095,22.594263548864205,1,-3.4817992530312347,2.0561079192544494,-0.2168588656328788,-0.3909371281995153,-0.5848004758140952,-0.0879114373343565,0.0988844398492288,0.2033206415081848,-0.7236131961199526,0.3043124064469649
s096,57.5045303478863,0,2.8494058604185057,2.1932292479739703,0.5330674966069159,-0.8332642414630471,1.4269040463786529,-0.0854784851723652,-0.2192089353486065,-0.437837386717118,-0.0443884335482115,0.26997962407829
s097,20.773431555687168,1,2.963572328202589,1.150379586277389,-1.0786696065907178,-0.9244446958249708,2.2721239207860258,0.3285933572358319,0.6199735397318422,0.070704760160051,0.1488684573444349,0.1257161684363588
s098,59.98661095475755,1,0.657184651892828,1.7968122462812135,-1.0737044030942784,1.8257413306294663,-2.140256818213551,0.1181005388405571,0.2393236395945446,0.3318508560730661,-0.4915434433992005,-0.017339206439983
s099,35.544075299092405,0,2.2711178562643357,0.9297693304588232,0.9341278278692218,-0.8557333085601129,1.2813986107749609,0.5802862325408993,0.3523461930971741,-0.4446743022410884,-0.390964036112548,0.325301624289431
s100,30.836478372998208,0,0.2385927847155033,1.254338235940936,1.9582433817323976,-3.1770934134045907,-0.4500384746823831,0.0974320917462951,-0.5399420548002234,-0.4060130926746395,-0.1480075937883148,-0.3560321927023235
