,s001,s002,s003,s004,s005,s006,s007,s008,s009,s010,s011,s012,s013,s014,s015,s016,s017,s018,s019,s020,s021,s022,s023,s024,s025,s026,s027,s028,s029,s030,s031,s032,s033,s034,s035,s036,s037,s038,s039,s040,s041,s042,s043,s044,s045,s046,s047,s048,s049,s050,s051,s052,s053,s054,s055,s056,s057,s058,s059,s060,s061,s062,s063,s064,s065,s066,s067,s068,s069,s070,s071,s072,s073,s074,s075,s076,s077,s078,s079,s080,s081,s082,s083,s084,s085,s086,s087,s088,s089,s090,s091,s092,s093,s094,s095,s096,s097,s098,s099,s100
cg001,0.6527063860515119,0.0343201843085813,0.7471662675638849,0.8582440668307705,0.8991184801642866,0.7958784303477908,0.0013672066916341485,0.9573744853553806,0.5477923144726318,0.32558044504686745,0.8561320093455483,0.030164184595579124,0.006935715474693294,0.3194962706180653,0.017808396789317782,0.43629892247099944,0.3802405539167796,0.7030978167910151,0.9702999473169626,0.8416792442751168,0.19361050774613153,0.41397249758487953,0.2059931566959755,0.4904889473665114,0.4824914130426501,0.6778785341825351,0.043936331518789395,0.7361592436484876,0.5078659169734747,0.300657584899766,0.4419140193341512,0.8593401281967286,0.7120830887865687,0.7093768632880071,0.11141043938390904,0.36186956407224224,0.9792737125410078,0.5096103642109943,0.5524456015048314,0.9330859402812922,0.3974962378464668,0.9019345325040041,0.11865806297414716,0.3935830129729321,0.30449689414310155,0.534453294978821,0.6188606837387691,0.4532242537691712,0.08079280704593861,0.5924507405199191,0.9075088499229437,0.6033944033777207,0.9789314623110722,0.9032792044699272,0.7768143712145604,0.15993032995608536,0.31523698494838914,0.08776565132215808,0.9200838566684449,0.31823257790191806,0.554598728880627,0.34632155293115674,0.017381445874495194,0.7320353240353604,0.6644085444902368,0.669388898388191,0.20035006597258198,0.1279244425395779,0.902136862940116,0.30948831003933863,0.7559561422819766,0.2304772843731716,0.8273897096489792,0.3912367220247074,0.2471471406454291,0.4760728249135313,0.10529612303526248,0.2951113676898557,0.5710384144416556,0.5869800666856534,0.05894485347942002,0.48166966976800707,0.16067716676268906,0.48081669301188523,0.8073639206979852,0.6259954653601263,0.8229562032023334,0.22227938857792418,0.33374164764873415,0.35407171534144255,0.8110440981766331,0.8549359856605613,0.43940917474785535,0.5199178749291368,0.5504296215769137,0.3350736049854923,0.15027080668961013,0.9073278719201086,0.4369657194462857,0.6976883307875203
cg002,0.8473847761214093,0.11063765867040232,0.9951569008083365,0.3089528141173168,0.4064458597635152,0.07047248331081646,0.4405262427659348,0.019174215638421588,0.8911576534545208,0.6041831975950134,0.5476341092011519,0.035650222622637284,0.9263389083403805,0.602025770158472,0.25353825535451213,0.20659311275650305,0.9588329146629112,0.35491886800367345,0.7641170629234288,0.594374527689735,0.595857642143523,0.16082281421050293,0.025003966515147358,0.02407350506880024,0.3312565283244624,0.6188326704816589,0.31507905511483614,0.972120682052721,0.6804719319102485,0.44470941245700013,0.7211899117378897,0.45663620888876344,0.9914048121008671,0.2963269866601974,0.4690847221601637,0.7113485745719528,0.3543626583853108,0.4044500671169602,0.8070387660603285,0.29012500520978934,0.3394322256076495,0.2962420840360176,0.4049574267128353,0.23435428620033294,0.9308425382892876,0.11414934300881041,0.4929242306589081,0.7515915248571451,0.4905034954041735,0.7031350884905522,0.13688790370347226,0.652551745874086,0.6369330273557257,0.011177013132080194,0.6860297542569659,0.012796837807711126,0.10881935680912158,0.4623837856178521,0.28045867368065047,0.9176206752900131,0.7364094112461143,0.23856014426900918,0.4484189207323518,0.7767127927042611,0.39749920903778435,0.19711063560053244,0.9164065021302266,0.5166723754558775,0.03269408093287507,0.40564499311302094,0.21817874466174036,0.9848889709463644,0.3850045546582018,0.6944408768106797,0.8853749136410549,0.3451122564222582,0.47137040589869883,0.8539909728059654,0.901251302265963,0.2424263133207024,0.090978260326943,0.18593104202774546,0.7643521266551425,0.8265335702665665,0.8617960788335729,0.998555431063207,0.7827145318683357,0.5912972891882515,0.8331214496803954,0.4026637210950168,0.3055081583161954,0.45296770615315174,0.9104655799634518,0.028668601877760103,0.5675411321922266,0.9360452533149277,0.8767136372968055,0.554258871814836,0.7430580250039857,0.15934374057874245
cg003,0.9624887662357025,0.16211145187990972,0.3300910388501529,0.2196592378473089,0.2190122287979529,0.08302826149178377,0.7266795221074945,0.491871945223854,0.5320140873700419,0.8669033961250098,0.5880163855110193,0.9932813374676375,0.016251945628233844,0.5589713800570469,0.28778766073662587,0.6379495049386693,0.8661483973286878,0.45440105661249,0.3396074251757205,0.6477516712317122,0.8285332967386062,0.2900621285777988,0.7485719093943012,0.4105192288233279,0.8514086306327461,0.9941124088395066,0.8778629718740922,0.39311414624035135,0.19113690901726588,0.8146230212628465,0.1556734813121976,0.26367408125989733,0.3852216470127491,0.5907106772634497,0.44243411658713905,0.05775722712404541,0.17203232701949245,0.7585231899344655,0.5174848966134207,0.5185003399308765,0.17688929208112403,0.8272296452877352,0.07420141876843778,0.4214104091467099,0.17609205579328713,0.7372110470260006,0.45228323975242435,0.05076025162866138,0.9550542837595778,0.8324179441708603,0.2667949845974792,0.812041815819403,0.061353452353552496,0.9457869321485806,0.9460662624681935,0.3114321289096309,0.6950118541220067,0.6479133649372996,0.06004685152697964,0.480066263125266,0.2512837782276497,0.9776442746938888,0.10081726091316923,0.8757165222463231,0.5221218822451835,0.4888364324158806,0.29864265002864043,0.6650747941527543,0.47079631627699603,0.8202649090492058,0.091235366540801,0.805921354055884,0.797014474666962,0.5905560661735245,0.8800854288858262,0.9227050312579778,0.5978155642823597,0.34802822490290086,0.7687269831411582,0.26705312719412655,0.9192013239601751,0.13817477913627174,0.5584704346514014,0.906969637966607,0.194810936272667,0.22480830272964303,0.554710239424752,0.4165951771276848,0.33259079565414595,0.6683876826737774,0.5717968746499277,0.48911422049117503,0.930502552890089,0.6829920458509482,0.04661738442504881,0.6515051577666117,0.06406980099426374,0.5349854686855585,0.0397230114786884,0.9327779114615063
cg004,0.9870988300036441,0.5060285484417605,0.2405510757938777,0.1021660390247695,0.7761252065371917,0.8336898751021125,0.30638802913089025,0.2769699397784694,0.0848084968845384,0.29803751906512277,0.9765747701224206,0.4304474626219358,0.9617884009223147,0.2735100666101955,0.687411942709453,0.66725081597329,0.8196087966901958,0.15603295568060493,0.7562047607830221,0.892025649855233,0.9446749009633612,0.24069920755943885,0.9266643006741841,0.20152041806638898,0.8404409991265109,0.3865409837813567,0.08750203154712588,0.5207771967754802,0.15780538381391007,0.9696915637007998,0.1446675632545802,0.1575124629476451,0.17099738693982358,0.017533657206212028,0.13148975380817685,0.41660625475412416,0.849261196684077,0.3555214762322588,0.016884791245458386,0.9497146174800888,0.22745596746509467,0.36387444091822896,0.17055263160415857,0.41529066677929183,0.21554049741006753,0.5585002603102139,0.6160156451569335,0.8821898648589767,0.6267528371780128,0.9299320094579301,0.610010141958672,0.3483916174283994,0.11058052541070296,0.2724692085737286,0.008423429211234845,0.542663039576321,0.5313020472570636,0.12845223044131326,0.7393418469151403,0.09412279182379935,0.9923101693984304,0.43262848903269835,0.6555687396715356,0.29578961058065245,0.9270445730714162,0.16135462882518437,0.3660950369756958,0.9596988316903613,0.036933238686466696,0.15499584791124998,0.15423301309562443,0.277228347950496,0.3350038645384831,0.8858104452368134,0.0741927841598945,0.22211285723525198,0.4082672882349062,0.19601275168039023,0.9538096341018572,0.4427234447883144,0.9729621189450169,0.46785199894961305,0.08557840151082063,0.6479307624877042,0.8555484159344455,0.26408359799621595,0.5502606104038803,0.9298902475500559,0.966323737490054,0.022709438719552555,0.7642459625319429,0.783350270542969,0.0373761811918808,0.2271655719873935,0.6121563714205434,0.36748349518064183,0.6871958463265267,0.8834701770953022,0.6839832817399416,0.20086262741812566
cg005,0.7958353817924627,0.32159089139050134,0.7182913540763236,0.12071621467432958,0.8099352559816109,0.7168830613449436,0.4562761201065093,0.7635232911552132,0.8947579095980631,0.6707116705838176,0.006297411504524453,0.9020361743128051,0.644038149775231,0.9137956530376289,0.4340934029881046,0.42899872052696986,0.553889439293315,0.4195323230920034,0.0809790493136533,0.47782343290091156,0.1584433280264842,0.8829424874988369,0.8372622209805051,0.6310839516960658,0.6614048261529857,0.5722910684460293,0.14552555132919853,0.19946791067745084,0.5529052646878629,0.6782695114127074,0.5795160683409529,0.8714718318380403,0.14535942632275156,0.10805454780302615,0.99250415495876,0.8564421643069328,0.7649629505531058,0.037229318503643416,0.23446992140712652,0.32378608158573663,0.6884290847567329,0.6390953593847298,0.022180175095056875,0.49646719917634285,0.49272729935427584,0.9731003360151935,0.7210556648625385,0.8067819749861626,0.91503689215354,0.0893568413172906,0.3572828503872997,0.31097783000661305,0.802637922583618,0.8610690132787465,0.11933053637192625,0.546061322463521,0.16384811682669942,0.8572974335842709,0.6692047132959434,0.03363371002061277,0.6503489481159112,0.35610289549530305,0.8732588722347738,0.5707150837979965,0.018192439339257516,0.3191060050211475,0.392362770457936,0.8564689281776253,0.8884903956494664,0.6435148784509334,0.27926720911800584,0.4475421815158753,0.13427052638489256,0.9444799575972446,0.4359793332110158,0.8550083478050602,0.761413328946146,0.3974238008089306,0.9194878830905165,0.7822497473158749,0.6321864426656346,0.6816425193957307,0.38819641713541186,0.5266516660659242,0.18257606820719297,0.6756642994118346,0.24290047802940895,0.20912072858633857,0.8420268486769864,0.05130011882562402,0.17660284239560065,0.6568750185967531,0.15747628300936023,0.6304475068682248,0.919699261079123,0.7278010696458023,0.4758688513317263,0.5970406625317706,0.9617201780655418,0.8646716156865488
cg006,0.32907916265682347,0.882735775214853,0.61528552520324,0.34455401706880007,0.8515574286560947,0.5008971373274573,0.15805245878767615,0.24707884312473494,0.5741631803069203,0.7174580226912273,0.9510244711541492,0.7961658608564695,0.9465688226355974,0.9010382598535318,0.23590974376790896,0.8709104835959607,0.8868621654092431,0.721418151577233,0.7218753649956813,0.08278204673032463,0.9465525399127571,0.18201402649483767,0.6047031236427829,0.31783873690114683,0.1884835833711508,0.24227294661966225,0.1259992917944317,0.45734340371816906,0.4299997306842517,0.05964525044544644,0.7050271355551412,0.24049885236032276,0.8731084931596343,0.4384437299371593,0.05803298744277907,0.9887860844581605,0.5960040379968133,0.8752023444374388,0.12747432069672904,0.48705582573651074,0.26446355184132664,0.8223655186291499,0.573481752930821,0.5882898264834221,0.6816343658681,0.9309494807022257,0.4328576661946868,0.29366170348483456,0.1081854322921959,0.4160720389906838,0.958223554947797,0.3393346990166709,0.002647313165218712,0.6147671285032809,0.6144955875891436,0.6375317330317483,0.5345180545198238,0.8853928307560277,0.5602921389440239,0.3444518343358812,0.6538619733218443,0.1967621894952979,0.18844050649983946,0.8229102005497538,0.21762933376146265,0.21912422482894733,0.23663115954186653,0.44391174017092694,0.3878650946683486,0.5318875684497285,0.506825559397442,0.8418017201680156,0.036412861202350655,0.17485053196446187,0.11185959977263882,0.41273153179862787,0.5968820511107471,0.7478315556048618,0.8957022540046425,0.9012662303770026,0.00689699105491548,0.07161677067105232,0.3541706560461424,0.1840808601928685,0.3240310900940202,0.12124705878986464,0.957774004182145,0.26164264894063805,0.01752102794461252,0.2728978463115104,0.28937591767457205,0.5676637053712149,0.7041364269068631,0.3482701560214241,0.7803129062749143,0.37520645852233736,0.5612844199748824,0.6466650088418918,0.010401703673910245,0.05883874084308238
cg007,0.4238510745530357,0.8311806873181729,0.04364867937314798,0.3039058135202972,0.9898681960463647,0.6310659035689538,0.42980428713235386,0.6817311221534789,0.11292037616160433,0.2161844774108871,0.6846615673803919,0.8370270888880157,0.9959177620186875,0.9098197062789203,0.9263067143411481,0.6757622138687551,0.8669721709373759,0.059320932718525676,0.3730050290404445,0.890173989876986,0.692272803183361,0.5250122150414774,0.20051906616337956,0.7215717636066717,0.03640972158461808,0.9550745373378081,0.27406160574175475,0.023339082371774178,0.5160072778747582,0.4270535685098654,0.45360675988357557,0.23344945894166802,0.8137151096297627,0.717516294400028,0.12718750249350408,0.9787703888679999,0.5213258790190206,0.5562652815598346,0.5750318395649056,0.38580712866063627,0.3201743679085838,0.22666839917075,0.4747249911648256,0.9280615315735583,0.9160969790464124,0.7889667573427701,0.4771260521276933,0.6707420081060962,0.35301028597119644,0.4942326268515762,0.5099819128663015,0.993162414185094,0.40878530292023385,0.9087281134944747,0.6089031551750412,0.21593840340464687,0.023273816735502217,0.6696995790615821,0.32792305812347433,0.31453838979394355,0.5053116982187189,0.6688426298035657,0.2078118559089419,0.9500952730266768,0.6372437038929638,0.21876906707888655,0.1076441781826537,0.720847799264555,0.6689958518736621,0.37715144086759256,0.5967633258502263,0.41774199931870193,0.006383497503365865,0.606653454984516,0.4402969689911139,0.28260144562073497,0.8418377762459129,0.6690427146102866,0.08566870787444503,0.9044955886353613,0.1419486834349969,0.7241450174146663,0.726474144678517,0.3333043236158001,0.3069280025843175,0.6650456304068907,0.6446035396361095,0.8752914084168609,0.1652032299098315,0.7846473369620877,0.7577342690896096,0.7209795344303028,0.34378732411186563,0.26439395187374315,0.977171619476742,0.3350089476751308,0.6794444661774398,0.940367368716768,0.8082428814042778,0.6393966141073542
cg008,0.9074707180275775,0.3121782968964282,0.2296650104261504,0.9054651166840307,0.351735593934533,0.5418560410138392,0.42409854116087,0.712498372471465,0.7590419056567139,0.9068939680698197,0.8592275738445984,0.42331548096408833,0.6050111825139971,0.3538950255565054,0.3884154302625642,0.5151111923347927,0.8397490457756835,0.5684373988924948,0.41760996952922946,0.6581211974872941,0.7045768634465124,0.2842099853200739,0.4839426022109139,0.7714381140579961,0.28700553333407197,0.1426004552610951,0.4287749984039321,0.20433190527334255,0.28146614338597875,0.589532310177337,0.7690556161269567,0.9525554021175688,0.8242927521701017,0.3484551822304385,0.2449140381886824,0.8512744236699626,0.5016671437898509,0.35406508804488357,0.37334875120519695,0.158262065358465,0.3541116635389894,0.6156785532856054,0.046045525272189525,0.181226488381397,0.4275577198642575,0.11569216877844557,0.00889319228791785,0.34040719638746764,0.601380314810174,0.5222362233397813,0.0842742245219924,0.2969737710442304,0.6685609939519503,0.09443499732642202,0.45974179179169505,0.6306613850353827,0.5722941302136962,0.1771826738659098,0.448541084462998,0.49101045299739765,0.36642294454859725,0.8413301793871182,0.42617055555426675,0.625770974857751,0.5973367499387264,0.8537700356887278,0.2903649743222726,0.5637446371239482,0.8134084622571274,0.7751244574091246,0.3111852939135701,0.3894500195517373,0.287581895481653,0.9462519722178917,0.9391777971312019,0.6787903143911914,0.10365566844688767,0.11351338755010121,0.8298930777909339,0.3554138732323723,0.6239707123984773,0.9706291227850382,0.09377442459491403,0.9660260461093314,0.8474179753172086,0.7083008403488579,0.2820139621978742,0.43475436917060395,0.0673228674110824,0.7285510579571296,0.8485427145287411,0.2782100059741863,0.35697310426535145,0.041740800533101696,0.5398472997128649,0.4574368215805097,0.03356774027866605,0.2887054620054408,0.26637181638021556,0.12134247047043112
cg009,0.12851735130116393,0.7342492644567934,0.07314147185076347,0.5674158009304935,0.39076614104599194,0.772859695161712,0.11320454240013256,0.41184951129619085,0.6092225157427793,0.892718385509075,0.26123019011583726,0.4158510445115028,0.2616701457663624,0.454963472380278,0.8179256465768254,0.4610617615071251,0.40331243289021024,0.38542340228071537,0.5065431621790121,0.07230970158602956,0.24050040192796396,0.5337258214034767,0.163275899618465,0.38227601104059705,0.0627901792699106,0.613301051051816,0.1906354934770147,0.6291823587586652,0.7815974491589185,0.7457700225675314,0.41298159404770696,0.4608521582729419,0.3025100066830577,0.643108724940257,0.6989051318822261,0.8774629545386368,0.36690531483130995,0.20690672267826282,0.22330447796210962,0.8957023190694847,0.6838664720556885,0.41656971966300993,0.9128621331389593,0.10865114201082904,0.9704551277245096,0.7186352966592164,0.3493493483747734,0.4303284636862591,0.8383115188935614,0.3826409257089626,0.7600417589255613,0.3245286313287973,0.2646065602075486,0.7119491691367918,0.4985240451668975,0.5345950868930835,0.7212737403071026,0.914160369555209,0.10861165838388176,0.7408835520741546,0.02366997441997154,0.28782923261428794,0.9976345863307607,0.0016391639404409464,0.596644475989656,0.5894659056985856,0.7063003073363887,0.6205874207392269,0.49120734274768496,0.12781359183467256,0.5768285061310079,0.3871742898259243,0.973104057446544,0.7351202443070879,0.11634131621142929,0.6298527545254541,0.7642260704946703,0.44947817866178963,0.4008919907560571,0.9435351626619528,0.8345456026527289,0.33414117499842555,0.0996770621665265,0.49496328708074044,0.4039820462486863,0.9847911741773226,0.9909360275480725,0.2834122481468767,0.587702122574748,0.80862781367805,0.7097624123886721,0.45205828057670927,0.008661924133553045,0.9087023460095026,0.6208404800491634,0.5415957815287682,0.6510373577232713,0.41430527589883037,0.20766715467580477,0.5756703375185034
cg010,0.04791178197361734,0.12294585379463496,0.9726479215820726,0.4749205929894268,0.7084444901797828,0.9382259156509307,0.28662940192824393,0.48801788942531066,0.4576277800982499,0.8024243106792441,0.22464074251267607,0.347962125201423,0.2779407934626441,0.5152616429138621,0.3331019594222623,0.13220371020501698,0.06345323613115428,0.3406871113790564,0.8681673727015471,0.5038662806739044,0.932067998516048,0.86604196823074,0.649139510817942,0.602163170878791,0.3893536519705081,0.8011488431694636,0.9265758798461895,0.5800568204759017,0.22195068196413026,0.16608018328981378,0.6166100600588432,0.32872457067001537,0.19382939662836285,0.8328976973978209,0.09150135181954056,0.4685986641740777,0.018534027977977097,0.23955802349463173,0.5751374705734805,0.7628814733609619,0.026273774658188365,0.7585400666936389,0.637395003953455,0.43004847657180756,0.5294830259941966,0.48945789806412454,0.8044688075349887,0.5662126123603649,0.6968566697795987,0.28009481186293894,0.15398959962557157,0.46782230832563465,0.05271858896778414,0.7696035999178626,0.90668605279574,0.09937063526197243,0.9293820041832942,0.63840665792649,0.9829064137656336,0.867792753956838,0.924097031982651,0.5352312281331748,0.659994943577907,0.6111271247068768,0.43540060944616077,0.30604206231648434,0.8575746504624148,0.29881373175304804,0.8671938121100221,0.6930670025404759,0.4405827054422814,0.9642133113050819,0.8912852867341204,0.3916374680248914,0.7925016871817964,0.18782799472155398,0.8832312360732583,0.01499439020523119,0.5527065232984495,0.23010464710926692,0.37713042920437834,0.09978094153910655,0.26607701605968226,0.0370646915355215,0.8793905711941324,0.06408889555031938,0.07837990816476315,0.9165137884456128,0.8201000529349225,0.20754699178406577,0.01200395780065866,0.3838026610052647,0.800176281569539,0.29361000539833704,0.8484708065536881,0.7458957653328316,0.8134827620097987,0.48749380783599905,0.26815774240777757,0.7654203974092052
cg011,0.3640884394600581,0.3855612672906308,0.029011661251633902,0.5874234356049605,0.9172195302523354,0.2153705794903914,0.14678891829556362,0.8967748078460428,0.7768616862483241,0.753420508415805,0.47176142113450537,0.2481779508674894,0.9624834034244089,0.5267171186255051,0.43990727681121244,0.8796705783924025,0.5355255287432015,0.9247889513455932,0.7524889720704847,0.2916401309677136,0.5409596344893168,0.03874577453826189,0.24032306095607192,0.723036254981771,0.38662203403616036,0.45532429157233945,0.028153366270649127,0.2847917901273198,0.19164620528815435,0.6438747992179713,0.5522633838967889,0.501682215652832,0.30454410804227006,0.46932051467575964,0.3513255116108648,0.8408719768647298,0.9002865067523813,0.2005106206420102,0.2158397418302358,0.062126893545006445,0.8683509356561451,0.9265483513101369,0.5267810459414485,0.4123213858265071,0.7858824351106881,0.8928977166608404,0.017916360711253687,0.8093237651774808,0.7664038762499227,0.49012943665828423,0.17789837346105508,0.717062042333948,0.014958677375612628,0.8046318848512977,0.840960950386145,0.20267687448928018,0.937049979485266,0.9042074973975713,0.529514035417095,0.45105977625424243,0.2995693795907659,0.9594252253606511,0.7461808839755276,0.4496869735979663,0.8429403702569636,0.19182921322606405,0.8421195599349511,0.6211087589167275,0.33211046168999425,0.7207440460268058,0.7575895213031607,0.5328035927372002,0.41966933605312784,0.775705633469137,0.5155763213216968,0.8413062041650856,0.5036960845309149,0.5099899710070024,0.8625754238405374,0.6290291248156443,0.4862747324136213,0.48802528183193306,0.8048263671012494,0.9726573216015014,0.955621595188277,0.4074845082245442,0.5199666630374031,0.007576603226022716,0.2896780135656396,0.8496279834996423,0.01046672325876885,0.23325758862357715,0.03890042013538364,0.9687830829992279,0.908689793636084,0.9878840588939459,0.8928562698764841,0.1475921940980366,0.21660406755187844,0.6087688705159168
cg012,0.35092172321639714,0.6922836611698764,0.7222625310658379,0.6639490863843611,0.3180201782421652,0.5897166369085105,0.8186422902387246,0.6579652804497451,0.7744493625894582,0.6347541571010876,0.5935227450095539,0.6247536804503926,0.3627310696985342,0.3201613397983476,0.8501524706066002,0.6693241942670384,0.19278767742063174,0.32321583450720015,0.9993234729657352,0.643026010878374,0.8018839595719683,0.9506351668976234,0.6704356220158173,0.6417857753311131,0.1736893501341492,0.160213477407795,0.5277810979560908,0.4945182363780498,0.05840412456603905,0.3065451360362117,0.4115570050177818,0.36221098678558683,0.153710219941522,0.4269697959050741,0.8493792802479622,0.13360480516272477,0.20080630577695446,0.6752231534029226,0.08176039157385961,0.2698789126772997,0.6052595210614973,0.3004409649003177,0.16708627648345342,0.48056607583360067,0.6004498816429236,0.9915084120382137,0.7984855190523875,0.24013099165773777,0.5565440152593706,0.7364003900124044,0.7061182167339966,0.7026890996210293,0.254316422311641,0.11586889972971115,0.09872550521934598,0.7621093552778528,0.6875614222215349,0.9840713642605889,0.8945430853095666,0.48218309118267744,0.10808139470575995,0.7649388541410211,0.6551527258086993,0.851553209487649,0.6388772337836779,0.27991349810357347,0.729807795660407,0.1320282835026777,0.24420945567261487,0.19182026937511754,0.21133812357999338,0.016754508110112143,0.48630229167724637,0.4740501881978586,0.42991247095421126,0.6603817870253287,0.5970666989420681,0.24525533471496708,0.1270821349137926,0.5996202323349576,0.5104310426803675,0.8545182551193782,0.4958156929413319,0.5305594878425649,0.7514570686604447,0.014066330851342013,0.6753238136878199,0.04736724370539003,0.3114904421888478,0.654654889442089,0.3464678884517073,0.3865554126908226,0.11527867251930013,0.16424759375729914,0.4713070451471292,0.3715126886788751,0.7711191242051877,0.8098262235878017,0.31652169737112246,0.4743423685161401
cg013,0.15495288327473744,0.4255436282926367,0.29475607526336023,0.8397373145594821,0.9917296029354181,0.2679805834025484,0.14446548033767814,0.8373013091702338,0.09576015034725704,0.5182298132727892,0.967321500604683,0.2072342908499052,0.9909546301805038,0.6091510474878107,0.770681271947101,0.7754155546492382,0.46157202795769847,0.7746409014533835,0.2645826217769125,0.7707916793619198,0.2850709290459309,0.45242304556152835,0.8263987152518111,0.03235980058268473,0.40213595339325237,0.2673437857550963,0.33747622995286186,0.20311364669480947,0.6501460368608134,0.8234036280195437,0.5390929395144567,0.8439588908338264,0.18947077443854898,0.6289154190133469,0.70024985150105,0.5745148780356191,0.24260973467975544,0.14563118066529845,0.7060871921779045,0.48851630439188165,0.34118409618644474,0.04001801137381733,0.44148026314616984,0.6425108295056868,0.6129551996065461,0.25413458430843716,0.08468864619138583,0.4080595937955065,0.9934241478485487,0.0029820534878655103,0.29898410827507527,0.5546689362082635,0.6525493249893973,0.9840810049418467,0.24431662982324576,0.8827003873177547,0.6052433516090058,0.2506760073601907,0.2857530884539985,0.3024059327149641,0.19777135470774398,0.2598090758209243,0.3614307174935626,0.2843104184262124,0.27528289665641403,0.3722474477395289,0.17528000154431167,0.6811231779856518,0.9356675584614517,0.1124370432944315,0.8594874288775505,0.06560004732310287,0.196628493726403,0.3419753786032774,0.7743123657018458,0.5672252718095511,0.9485277672972019,0.6330234696833174,0.24243886009655213,0.9855431721715319,0.3458821954663619,0.3794192493078208,0.0867569092546907,0.19486544298289532,0.6026321032807915,0.65700597842446,0.07162865691467968,0.592955200259519,0.008205158788119893,0.26804652235426574,0.3891434986254856,0.30683033291026596,0.22322083682076022,0.9130763491069109,0.768718647424369,0.7273949437022755,0.05139086507594448,0.6715235514039659,0.49080085668798856,0.7872225812458988
cg014,0.303403410099923,0.8421222730128114,0.01922828336238447,0.8250996315526685,0.8568535303584589,0.07757949396782449,0.4292861277411073,0.07115829749146785,0.41213615160506234,0.22411940986541268,0.22681600333428298,0.13710879928931952,0.12696283915084838,0.6277130389246799,0.8025382621061223,0.9695641996775383,0.14521733998845132,0.8910158907028048,0.22590463034960273,0.6610115448282775,0.27340149761881305,0.7057958300317914,0.6255920167380165,0.0055602427817245115,0.7497275070165009,0.732228773043704,0.36909855156115257,0.9405998019907148,0.5919883004512376,0.10872209611669326,0.5256205713690306,0.6066462267100642,0.8432311019236601,0.43221156978506303,0.30603931005764284,0.7029798284525522,0.8504135339659804,0.05181234837819171,0.15846821772154174,0.19090205367338786,0.8041891760101575,0.9714845166162556,0.38334202185261546,0.3802458089217766,0.963963197925984,0.0401454948126615,0.936602778449629,0.28965979091338034,0.27007166781211667,0.0720959070368733,0.9474191183934878,0.3443517279106936,0.7291347414381486,0.5158353804680748,0.5066009599293374,0.10828898083617366,0.056211456007818184,0.8048376553477334,0.9571487434611691,0.7502631105746712,0.3553346363765644,0.38879781008741465,0.2677956750997631,0.1424458757579724,0.9586663564275462,0.08395751234610394,0.7268187169213444,0.768073809678996,0.07079685429053606,0.28689341560344617,0.5244385746238257,0.7994122163904169,0.22924420623110398,0.5307131121904146,0.2279350710761131,0.06455946881730457,0.5626778823708032,0.3152284776896782,0.5027978110909742,0.9011997822747222,0.040117932565110204,0.5472505995555831,0.8698703752991157,0.2506267782125895,0.6816817670034727,0.9287783909468739,0.9001863745022164,0.6259363448569656,0.7676605778601924,0.16387850371680268,0.011558831938132341,0.006703368391591913,0.17816236856952594,0.10948075193707474,0.2421004825112838,0.23608727043296318,0.6664704988748287,0.7602763705392716,0.912143235979942,0.49045250821051756
cg015,0.6253334846205132,0.7893235493890259,0.4387252988009964,0.43534508854263454,0.16017620417810408,0.9484099319855261,0.39198414209313237,0.7379187556178475,0.5764047601814221,0.3120957740168766,0.1112122589651976,0.23729493859525475,0.6817395572302816,0.9128502638536251,0.8625965891262676,0.13084518029410686,0.8167537005258277,0.7296753814229349,0.820844186773805,0.23909746909654572,0.672387640928388,0.5433177196143547,0.964671895325896,0.13449013362871154,0.794950118365593,0.7459361212455351,0.5779840796938296,0.36290174460365743,0.8628349961346777,0.19250042568132697,0.3169677851939158,0.5193438068165083,0.7299529426775578,0.5512095789149513,0.7934431467904606,0.9153920991766378,0.3840297773136552,0.42846353272485393,0.08982214468290983,0.5318489750098725,0.6208040872625832,0.16057475464988868,0.7931869519802819,0.09956152015527697,0.31900479216817146,0.3108910253789493,0.8219674702017972,0.355973719565849,0.3406297617389318,0.3073454804569925,0.27501062919985875,0.19084612925280164,0.7901178561718378,0.2633632157952618,0.3025207775250439,0.2959527982512763,0.49025200112857115,0.22489927922871145,0.7761340584570378,0.47689864907492363,0.6588324304265819,0.7395626022890828,0.6670554157409408,0.15292147486571872,0.06899718659015963,0.766466301815546,0.3739867935808231,0.048419338803010525,0.6206435972195209,0.8634795735061768,0.3869542328478237,0.3173278428469558,0.9575434394945912,0.2442095568028726,0.7489984352756291,0.4007058532364248,0.511667737211845,0.4433858261691732,0.029047825260658522,0.3944147589104071,0.9047650248541625,0.5344382716655933,0.05358323438177093,0.5718649738384567,0.3851146466380202,0.8340673154383539,0.4466045011497396,0.9614565858757458,0.08370887920601455,0.10937308564810477,0.6272562442207754,0.0762125999250568,0.8528094400768725,0.20169478740449165,0.632560148480257,0.7241319848057712,0.5978619953149604,0.7043546780303981,0.631050938714538,0.5422753111888577
cg016,0.2521187324868379,0.9187306530032994,0.43283308885090166,0.34022918652638556,0.3918404776441451,0.7527110778635678,0.5526646206541479,0.20272396018507832,0.472994618870588,0.34710347047451773,0.5170310819938622,0.2946628250472919,0.3082481495024053,0.2549409141940264,0.4685389178109439,0.3854430818063266,0.3240900989636414,0.27009710299202905,0.8236684571750652,0.37244603577642654,0.7119369078766927,0.5523742235370105,0.821439934021989,0.7044057080749322,0.43739489582024793,0.7637980620628637,0.5412833787278833,0.7251194809998938,0.23204282178735425,0.13564262153683204,0.8768443324289561,0.578394029093583,0.9493689168298434,0.6398974153387307,0.5897812284024774,0.6900683900416165,0.3328503348733932,0.6642751085303836,0.7055451873059322,0.9019809352967985,0.45064733762352294,0.1327394618378841,0.21746433766527806,0.9549781384762712,0.02450931031427772,0.3542490966333999,0.44546125293208017,0.20862784579771398,0.6158794512749639,0.021401826844749894,0.6218495969486099,0.917378105426969,0.004008305167927717,0.4246948404940213,0.20999072248946904,0.8519465186895254,0.4087672809328945,0.7930745935441526,0.701327554930011,0.6078750652525996,0.27812084261157455,0.30811081615136293,0.2782248390699439,0.3922437915081969,0.4510281051665812,0.9108621126590818,0.48950725176788534,0.519208522658803,0.5265573723560428,0.17072226574460847,0.18551511626517092,0.7317800072765248,0.24038790214076344,0.061442331645314874,0.9446365618102714,0.3583064999467295,0.7681087005509553,0.8207173022515735,0.11488758508727259,0.9096710133758099,0.41868556011636715,0.17280843197408524,0.3018988188469367,0.7437983685241594,0.4787195932013051,0.6339815029360296,0.6402035836029137,0.4655034529827935,0.3537335216493164,0.893690181742038,0.7580462880307046,0.9078255016520389,0.8738519704474701,0.2068230623462548,0.8321376569775084,0.7628874900558363,0.03550845336572961,0.4880872398096542,0.09989495883376454,0.9035010728623487
cg017,0.660218497658581,0.8209947131390928,0.4078758868050091,0.9504798788497667,0.13498235123256275,0.030344123305479198,0.19417700952508077,0.6144065796923244,0.20590448346691037,0.8303079124701426,0.6717829601923727,0.6913761551549954,0.8001733318948332,0.28040688731492747,0.25825747896528395,0.8556799661498543,0.6979249581572021,0.25949115649516963,0.21654295356679643,0.9584602061154476,0.14773820065966414,0.7584113356170826,0.8602118775237937,0.4129504662265683,0.021915028828951244,0.471302090168809,0.7755273212399757,0.36813519350851487,0.15102892240985155,0.36969296204438906,0.7301718606501345,0.018181345172233354,0.17281893449320995,0.7475556518798532,0.27424655560496813,0.05988794595387703,0.2370630519436877,0.820189972206144,0.8696944338509361,0.40743522506656804,0.7409731152664094,0.10948129250064254,0.26943555873830405,0.9314350863049621,0.30809522931270916,0.399447923535329,0.4349676753375419,0.8770466748748511,0.7767445154819628,0.1323498924331178,0.8531913040161176,0.17105547409459043,0.6218061899997473,0.9937437716771368,0.5355038092265286,0.9495884626353945,0.9590336481205799,0.5388328261233831,0.16629664721362336,0.28308352537662373,0.08823451556715833,0.34142778922490524,0.4857774861370936,0.17030038396129854,0.1267517525777091,0.628057645953986,0.7752783102658627,0.8772356162131708,0.38049748766751257,0.35218423754134853,0.5815790926017915,0.8036512849930988,0.4729584975059038,0.955990348097121,0.14685620398688826,0.007139433060654676,0.49648629220909624,0.6663098475449153,0.6480554909038887,0.6794228199909919,0.20565562077241817,0.8545220026557371,0.9569841535539234,0.9472302325204589,0.7589801737207484,0.08195078866902894,0.7685537034329615,0.2645984937354965,0.4529894748629396,0.2659376452215768,0.9228527744827008,0.6379190193823674,0.8291359541699113,0.17743026086815272,0.16954553377349646,0.2822119878360032,0.7570052006508571,0.42553772661396405,0.1321989240518383,0.3289501644239874
cg018,0.6710123311900992,0.9414027227546157,0.6823432554476645,0.6720329260279851,0.6922471109518267,0.9665249274276414,0.731232925233559,0.7525485840508378,0.5985095235469167,0.06121335296392538,0.13377339236450037,0.41845958600733046,0.6939154733918913,0.9951572985045959,0.1882037862338931,0.1702427046876267,0.7630510601789222,0.16001738744220717,0.571110913884342,0.7430315021030215,0.31168343423951883,0.6707594574348146,0.6484596370344364,0.6985887254328469,0.91897253271207,0.5801073807867029,0.5986889659059808,0.5820226243977471,0.10159162916989706,0.6054985066426611,0.44840343130448235,0.2592705782543744,0.42843129125240553,0.6249877855215425,0.4063451694361556,0.6446348770985362,0.7874052976428951,0.40671252421728454,0.5593858939831253,0.010748111360559753,0.3439816444098156,0.08147231917208198,0.4671670565796171,0.9087626643876602,0.7525172438830358,0.28984284196136245,0.32612658220464097,0.8091252223153517,0.989743274420802,0.14602224535225872,0.2095042378659242,0.6519395920375459,0.8637646521804834,0.2279171009218799,0.80513740313776,0.9352109980772354,0.6581893020483738,0.605982750383064,0.779744093866742,0.6443844083999108,0.27570636766825574,0.3757477381838378,0.5300831134018658,0.8718398075896127,0.757820131003095,0.7731394720434167,0.8874823025826197,0.3064044616697207,0.13871665444854975,0.9139180180797596,0.7528696286179991,0.6706694238064955,0.17511807267431134,0.9666474449598931,0.7340380278386178,0.9105552257230444,0.8579361126505641,0.7316698623480395,0.26441580945749776,0.39326938141803325,0.8793524443404037,0.3215603950309259,0.5763567366061286,0.01734048559629764,0.11983104444409998,0.6680261246553857,0.3551308934402043,0.1540010454114502,0.823154598326681,0.36906285260106375,0.0381007768419791,0.01658382404247083,0.10869226791319642,0.8661096502534548,0.43257217514308055,0.8986763939393997,0.012407322951005328,0.48746614618848527,0.40525851782753264,0.8087303971527496
cg019,0.7705204968952473,0.5788538753265129,0.47466809421249034,0.18082859330951628,0.6700217002951839,0.8726538584476724,0.420597683417959,0.37372463279080714,0.7399248387628603,0.33354114679263636,0.8017800901477261,0.9029842218875131,0.6977128759221389,0.8496016662730577,0.5945724406101732,0.0923736610805761,0.8622062295427647,0.18961098723984204,0.9616247008216435,0.9757630718671887,0.9114736617743779,0.47566896604279574,0.6593435907398989,0.25554960279175154,0.3320927310449501,0.47238208252136704,0.585233419147748,0.8004346652965717,0.6231164360168548,0.473967232217011,0.05572889101678735,0.09923194782944211,0.7282938872960749,0.1905571451475786,0.7628459661085492,0.6366920015819354,0.24765368650063213,0.48510458826857306,0.7912466693890784,0.6473752578340123,0.18761842318793953,0.5724360403582935,0.657565041353182,0.32206814184452226,0.16271232640146938,0.7059961237584095,0.3814881699901701,0.11650276709784568,0.401978102712925,0.9769546277102505,0.08971331787333403,0.05395016340385905,0.811123108436083,0.867200987016353,0.3089720852900353,0.3042981304915632,0.37553592023453186,0.9795250635651241,0.8614024781052416,0.5509014927140652,0.6974446450131987,0.6410103475264022,0.587109798323988,0.6854923051530447,0.05361334105116744,0.6312615815877879,0.641174880418561,0.3981862339548753,0.5059923711314154,0.5066259763793389,0.9427484090743729,0.7973131034558402,0.13539028945766018,0.533499039282015,0.8005165437865663,0.43693222155308287,0.949315790051227,0.11187570151885584,0.3532559511382246,0.9355923308886798,0.4568573432694003,0.816276850789283,0.5053324970584377,0.7860268212144587,0.7537231808893673,0.23470325714645346,0.23850995673589626,0.9196049878071149,0.6631587634320266,0.6587644438430325,0.10404807126193216,0.8277152753400627,0.6867593566232765,0.38119042340138964,0.6935119023924298,0.5889560105305462,0.5117904250345382,0.0005362911135666781,0.199553007908017,0.241997261340818
cg020,0.7243629674414188,0.29663905424989534,0.31155664945218975,0.8597545190234883,0.9478157698992715,0.2859974593637207,0.16947527984011468,0.7740950276140881,0.29310356730753695,0.16151782211320298,0.3386311239424571,0.5817144285614552,0.011303446805572048,0.9271584984398187,0.9168928877643377,0.7655263691002588,0.2853029708507596,0.8663280789220348,0.48418126507881065,0.4105107453078731,0.14573770415248477,0.02241834546263055,0.13842236450716716,0.9768429447165214,0.33685480127291045,0.948096740228303,0.020956025243367926,0.9963790445485003,0.7582284033208394,0.6077906849421579,0.928985654141154,0.7596094936638275,0.528261319425872,0.40633466419110953,0.8611891455077189,0.4115750359723198,0.5475294909559998,0.12179828726072184,0.24418547881796326,0.08137306108390219,0.82343817520669,0.9775288640799734,0.7342257748571566,0.6228185739892741,0.3257789676155649,0.4550961612379808,0.7566621908542038,0.9677523353824294,0.6229998468859544,0.18846654015272823,0.7830195772221163,0.7153807665242725,0.37154836420315807,0.3776230329477055,0.6009728786690871,0.1921544095162001,0.765033771800521,0.4272276503313812,0.8873579119510278,0.7407908654896895,0.2148844089446884,0.5527257008337099,0.351539862275593,0.9859937658104517,0.8962031659335277,0.03289809173317071,0.6822522369679476,0.6783625283008144,0.7687046041059958,0.9041244500881471,0.59410804653237,0.02328374613234796,0.04435180338825595,0.6090604186174408,0.16346592429778783,0.1966056495142997,0.19553090134857232,0.4107277048015323,0.7491659933450685,0.2664638375442693,0.08511766623662342,0.7156293508989134,0.4904317764574946,0.7931619723154292,0.057178579891327797,0.012189850523435575,0.4154439854281061,0.013833248537407639,0.6510338424018142,0.7252630436521814,0.41960453652803253,0.4943015667248446,0.4232622649553427,0.14719096716514102,0.0799570133439026,0.5641848492801614,0.6811917796778452,0.014937756944838454,0.7204527096194405,0.7730112650455299
